,1,2,3,4,5,6,7,8,9,10,11,12,13,14,15,16,17,18,19,20,21,22,23,24,25,26,27,28,29,30,31,32,33,34,35,36,37,38,39,40,41,42,43
1,0,1,1,1,1,1,1,0,1,1,1,1,0,0,0,1,0,0,0,0,0,0,1,0,0,0,0,1,1,1,1,1,0,0,0,0,0,0,0,0,0,0,0
2,0,1,1,1,1,1,1,0,1,1,0,0,1,0,1,1,0,0,0,0,0,0,1,0,0,1,1,0,1,0,0,0,1,0,1,1,1,1,1,1,1,1,1
3,0,1,1,1,1,1,1,1,0,1,1,1,1,1,1,1,0,0,0,0,0,0,0,1,0,0,0,0,0,0,1,1,0,0,1,1,1,1,1,1,1,1,1
4,0,1,1,1,1,1,1,1,0,1,0,1,1,0,0,1,0,0,0,0,0,0,0,1,0,1,0,0,1,1,1,1,1,1,1,0,0,0,0,0,0,0,0
5,0,1,1,1,1,1,1,1,1,0,1,1,1,0,0,1,0,0,0,0,0,0,0,0,1,0,0,0,1,1,1,0,0,0,1,1,1,1,1,1,1,1,1
6,0,1,1,1,1,1,1,0,1,0,0,0,0,0,1,1,0,0,0,0,0,0,1,0,1,1,1,1,1,0,1,0,0,1,0,1,1,1,1,1,1,1,1
7,0,1,1,1,1,1,1,1,0,0,1,1,0,1,0,1,0,0,0,0,0,0,0,1,1,0,0,1,0,1,1,1,1,1,1,1,1,1,1,1,1,1,1
8,0,1,1,1,1,1,0,1,0,0,0,1,1,0,1,1,0,0,0,0,0,1,0,1,1,1,0,0,1,0,1,0,0,1,1,0,0,0,1,0,1,0,1
9,0,1,1,1,1,1,0,1,1,1,1,0,1,0,1,1,0,0,0,0,0,1,0,0,0,0,1,0,1,0,0,1,0,1,0,1,1,1,1,1,1,1,1
10,0,1,1,1,1,1,0,1,1,1,0,1,1,1,1,1,0,0,0,0,0,1,0,0,0,1,0,0,0,0,0,1,1,1,0,1,1,1,1,1,1,1,1
11,0,1,1,1,1,1,0,1,0,1,1,1,0,0,1,1,0,0,0,0,0,1,0,1,0,0,0,1,1,0,0,0,1,1,0,1,1,1,1,1,1,1,1
12,0,1,1,1,1,1,0,0,0,1,0,0,0,1,0,1,0,0,0,0,0,1,1,1,0,1,1,1,0,1,1,0,0,0,1,0,0,0,0,0,0,0,0
13,0,1,1,1,1,1,0,0,1,0,1,1,1,0,0,1,0,0,0,0,0,1,1,0,1,0,0,0,1,1,1,1,1,1,0,1,1,1,1,1,1,1,1
14,0,1,1,1,1,0,1,0,1,0,0,1,0,0,1,1,0,0,0,0,1,0,1,0,1,1,0,1,1,0,1,1,1,0,1,1,1,1,1,1,1,1,1
15,0,1,1,1,1,0,1,1,0,0,1,1,0,1,0,1,0,0,0,0,1,0,0,1,1,0,0,1,0,1,0,1,0,1,0,1,1,1,0,0,0,0,0
16,0,1,1,1,1,0,1,0,0,0,0,1,1,1,0,1,0,0,0,0,1,0,1,1,1,1,0,0,0,1,0,0,0,0,1,1,1,1,1,1,1,1,1
17,0,1,1,1,1,0,1,1,1,1,1,0,0,0,1,1,0,0,0,0,1,0,0,0,0,0,1,1,1,0,1,1,0,1,1,0,0,0,0,0,0,0,0
18,0,1,1,1,1,0,1,0,1,1,0,0,1,1,0,1,0,0,0,0,1,0,1,0,0,1,1,0,0,1,1,0,0,1,0,1,1,1,1,1,1,1,1
19,0,1,1,1,1,0,1,0,0,1,1,0,0,1,1,1,0,0,0,0,1,0,1,1,0,0,1,1,0,0,1,1,1,0,1,1,1,1,1,1,1,1,1
20,0,1,1,1,1,0,0,1,0,1,0,1,0,1,0,1,0,0,0,0,1,1,0,1,0,1,0,1,0,1,0,0,0,0,1,1,1,1,1,1,1,1,1
21,0,1,1,1,1,0,0,1,1,0,1,0,1,0,1,1,0,0,0,0,1,1,0,0,1,0,1,0,1,0,1,0,1,1,1,1,1,1,1,1,1,1,1
22,0,1,1,1,1,0,0,1,1,0,0,0,1,1,1,1,0,0,0,0,1,1,0,0,1,1,1,0,0,0,0,0,0,1,1,1,1,1,1,1,1,1,1
23,0,1,1,1,1,0,0,1,0,0,1,1,1,1,1,1,0,0,0,0,1,1,0,1,1,0,0,0,0,0,0,1,1,0,0,0,0,0,0,0,0,0,0
24,0,1,1,1,1,0,0,0,0,0,0,0,1,0,0,1,0,0,0,0,1,1,1,1,1,1,1,0,1,1,0,0,0,1,1,1,1,1,1,1,1,1,1
25,0,1,1,1,1,0,0,1,1,1,1,0,0,1,0,1,0,0,0,0,1,1,0,0,0,0,1,1,0,1,1,0,1,0,0,1,1,1,1,1,1,1,1
26,0,1,1,1,0,1,1,0,1,1,0,1,1,1,1,1,0,0,0,1,0,0,1,0,0,1,0,0,0,0,1,1,1,0,0,0,0,0,0,0,0,0,0
27,0,1,1,1,0,1,1,1,0,1,1,1,0,1,1,1,0,0,0,1,0,0,0,1,0,0,0,1,0,0,0,0,1,1,0,0,0,0,0,0,0,0,0
28,0,1,1,1,0,1,1,0,0,1,0,1,1,1,1,1,0,0,0,1,0,0,1,1,0,1,0,0,0,0,0,0,0,0,0,0,1,0,1,1,1,1,1
29,0,1,1,1,0,1,1,1,1,0,1,1,1,0,0,1,0,0,0,1,0,0,0,0,1,0,0,0,1,1,1,0,1,0,1,1,1,1,1,1,1,1,1
30,0,1,1,1,0,1,1,1,1,0,0,0,1,1,0,1,0,0,0,1,0,0,0,0,1,1,1,0,0,1,1,0,1,0,1,0,0,0,1,0,0,0,1
31,0,1,1,1,0,1,1,1,0,0,1,1,0,0,1,1,0,0,0,1,0,0,0,1,1,0,0,1,1,0,1,1,0,0,1,1,1,1,1,1,1,1,1
32,0,1,1,1,0,1,1,1,0,0,0,0,1,1,1,1,0,0,0,1,0,0,0,1,1,1,1,0,0,0,1,0,1,1,0,1,0,1,0,0,0,0,0
33,0,1,1,1,0,1,0,0,1,1,1,0,0,1,0,1,0,0,0,1,0,1,1,0,0,0,1,1,0,1,1,1,1,0,1,0,0,0,1,0,0,0,0
34,0,1,1,1,0,1,0,1,1,1,0,1,0,1,1,1,0,0,0,1,0,1,0,0,0,1,0,1,0,0,0,1,1,0,1,0,0,0,0,0,0,0,0
35,0,1,1,1,0,1,0,0,0,1,1,0,1,0,0,1,0,0,0,1,0,1,1,1,0,0,1,0,1,1,1,0,0,1,1,1,1,1,1,1,1,1,1
36,0,1,1,1,0,1,0,1,0,1,0,1,0,1,1,1,0,0,0,1,0,1,0,1,0,1,0,1,0,0,0,1,0,0,1,0,0,0,0,1,1,0,0
37,0,1,1,1,0,1,0,1,1,0,1,0,0,1,0,1,0,0,0,1,0,1,0,0,1,0,1,1,0,1,1,0,0,1,1,0,1,1,1,1,1,1,1
38,0,1,1,1,0,1,0,1,1,0,0,0,1,0,0,1,0,0,0,1,0,1,0,0,1,1,1,0,1,1,1,1,1,0,1,1,1,1,1,1,1,1,1
39,0,1,1,1,0,0,1,1,0,0,1,0,0,1,1,1,0,0,0,1,1,0,0,1,1,0,1,1,0,0,1,0,0,0,1,0,0,0,0,0,0,0,0
40,0,1,1,1,0,0,1,1,0,0,0,0,1,0,0,1,0,0,0,1,1,0,0,1,1,1,1,0,1,1,1,1,1,1,0,1,1,1,1,1,1,1,1
41,0,1,1,1,0,0,1,1,1,1,1,1,1,1,1,1,0,0,0,1,1,0,0,0,0,0,0,0,0,0,0,0,0,1,0,0,0,0,0,0,0,0,0
42,0,1,1,1,0,0,1,0,1,1,0,1,0,1,1,1,0,0,0,1,1,0,1,0,0,1,0,1,0,0,0,1,0,0,0,0,0,0,0,0,0,0,0
43,0,1,1,1,0,0,1,0,0,1,1,0,0,0,1,1,0,0,0,1,1,0,1,1,0,0,1,1,1,0,1,0,1,1,0,1,1,1,1,1,1,1,1
44,0,1,1,1,0,0,1,1,0,1,0,1,0,1,1,1,0,0,0,1,1,0,0,1,0,1,0,1,0,0,1,1,1,1,0,0,0,0,0,0,0,0,0
45,0,1,1,1,0,0,0,0,1,0,1,0,0,0,0,1,0,0,0,1,1,1,1,0,1,0,1,1,1,1,1,0,0,0,1,0,1,0,1,1,1,1,1
46,0,1,1,1,0,0,0,0,1,0,0,1,0,0,0,1,0,0,0,1,1,1,1,0,1,1,0,1,1,1,1,1,0,0,1,1,1,1,1,1,1,1,1
47,0,1,1,1,0,0,0,1,0,0,1,1,0,0,1,1,0,0,0,1,1,1,0,1,1,0,0,1,1,0,1,0,1,0,1,0,0,0,0,0,0,0,0
48,0,1,1,1,0,0,0,1,0,0,0,0,1,1,1,1,0,0,0,1,1,1,0,1,1,1,1,0,0,0,0,1,1,1,0,1,1,1,1,1,1,1,1
49,0,1,1,1,0,0,0,1,1,1,1,0,0,1,1,1,0,0,0,1,1,1,0,0,0,0,1,1,0,0,1,0,0,0,1,1,1,1,1,1,1,1,1
50,0,1,1,1,0,0,0,1,1,1,0,0,1,0,1,1,0,0,0,1,1,1,0,0,0,1,1,0,1,0,1,0,1,0,1,1,1,1,1,1,1,1,1
51,0,1,1,0,1,1,1,0,0,1,1,0,0,0,0,1,0,0,1,0,0,0,1,1,0,0,1,1,1,1,0,1,0,0,0,1,1,1,1,1,1,1,1
52,0,1,1,0,1,1,1,1,0,1,0,0,0,0,1,1,0,0,1,0,0,0,0,1,0,1,1,1,1,0,0,1,0,1,1,0,0,0,0,0,0,0,0
53,0,1,1,0,1,1,1,0,1,0,1,1,1,0,1,1,0,0,1,0,0,0,1,0,1,0,0,0,1,0,0,1,0,1,1,0,0,0,0,0,0,0,0
54,0,1,1,0,1,1,1,0,1,0,0,1,1,1,0,1,0,0,1,0,0,0,1,0,1,1,0,0,0,1,0,0,1,0,0,0,0,0,1,0,0,0,0
55,0,1,1,0,1,1,1,0,0,0,1,0,0,0,1,1,0,0,1,0,0,0,1,1,1,0,1,1,1,0,1,1,1,0,1,1,1,1,1,1,1,1,1
56,0,1,1,0,1,1,1,1,0,0,0,0,0,1,0,1,0,0,1,0,0,0,0,1,1,1,1,1,0,1,0,0,0,0,0,1,1,1,1,0,0,0,0
57,0,1,1,0,1,1,1,0,1,1,1,1,1,1,1,1,0,0,1,0,0,0,1,0,0,0,0,0,0,0,0,1,1,0,0,0,0,0,0,0,0,0,0
58,0,1,1,0,1,1,0,0,1,1,0,0,0,0,0,1,0,0,1,0,0,1,1,0,0,1,1,1,1,1,0,0,1,0,1,0,1,1,1,1,1,1,1
59,0,1,1,0,1,1,0,1,0,1,1,1,1,1,0,1,0,0,1,0,0,1,0,1,0,0,0,0,0,1,0,1,1,0,1,1,1,1,1,1,1,1,1
60,0,1,1,0,1,1,0,0,0,1,0,1,1,0,0,1,0,0,1,0,0,1,1,1,0,1,0,0,1,1,0,1,1,0,0,1,1,1,1,1,1,1,1
61,0,1,1,0,1,1,0,1,1,0,1,1,1,1,1,1,0,0,1,0,0,1,0,0,1,0,0,0,0,0,0,1,1,0,1,0,0,0,0,0,0,0,0
62,0,1,1,0,1,1,0,0,1,0,0,1,1,0,0,1,0,0,1,0,0,1,1,0,1,1,0,0,1,1,0,0,0,1,0,1,0,0,0,0,1,0,0
63,0,1,1,0,1,1,0,0,0,0,1,1,0,0,0,1,0,0,1,0,0,1,1,1,1,0,0,1,1,1,0,1,0,0,1,0,0,0,0,0,0,0,0
64,0,1,1,0,1,0,1,0,0,0,0,1,0,1,1,1,0,0,1,0,1,0,1,1,1,1,0,1,0,0,1,1,1,0,1,0,0,0,0,0,0,0,0
65,0,1,1,0,1,0,1,0,1,1,1,1,0,0,1,1,0,0,1,0,1,0,1,0,0,0,0,1,1,0,0,0,0,1,1,1,1,1,1,1,1,1,1
66,0,1,1,0,1,0,1,1,1,1,0,1,0,1,0,1,0,0,1,0,1,0,0,0,0,1,0,1,0,1,0,0,0,1,0,1,1,1,1,1,1,1,1
67,0,1,1,0,1,0,1,1,0,1,1,0,0,0,0,1,0,0,1,0,1,0,0,1,0,0,1,1,1,1,0,1,1,0,1,1,1,1,1,1,1,1,1
68,0,1,1,0,1,0,1,0,0,1,0,0,0,0,0,1,0,0,1,0,1,0,1,1,0,1,1,1,1,1,1,0,1,0,0,1,1,1,1,1,1,1,1
69,0,1,1,0,1,0,1,1,1,0,1,0,0,0,0,1,0,0,1,0,1,0,0,0,1,0,1,1,1,1,1,0,1,1,0,0,0,0,0,0,0,0,0
70,0,1,1,0,1,0,0,1,1,0,0,0,0,0,1,1,0,0,1,0,1,1,0,0,1,1,1,1,1,0,1,0,1,0,0,1,1,1,1,1,1,1,1
71,0,1,1,0,1,0,0,1,0,0,1,0,1,0,1,1,0,0,1,0,1,1,0,1,1,0,1,0,1,0,0,1,0,0,0,1,1,1,1,1,1,1,1
72,0,1,1,0,1,0,0,0,0,0,0,0,0,0,0,1,0,0,1,0,1,1,1,1,1,1,1,1,1,1,1,1,1,0,0,1,1,1,1,1,1,1,1
73,0,1,1,0,1,0,0,1,1,1,1,0,0,0,0,1,0,0,1,0,1,1,0,0,0,0,1,1,1,1,0,1,1,0,1,1,1,1,1,1,1,1,1
74,0,1,1,0,1,0,0,0,1,1,0,0,1,1,1,1,0,0,1,0,1,1,1,0,0,1,1,0,0,0,0,1,0,0,1,0,0,0,0,0,0,0,0
75,0,1,1,0,1,0,0,1,0,1,1,1,0,1,0,1,0,0,1,0,1,1,0,1,0,0,0,1,0,1,1,1,0,1,0,1,1,1,1,1,1,1,1
76,0,1,1,0,0,1,1,0,0,1,0,0,1,1,1,1,0,0,1,1,0,0,1,1,0,1,1,0,0,0,1,0,1,1,0,0,0,0,0,0,0,0,0
77,0,1,1,0,0,1,1,1,1,0,1,0,1,0,0,1,0,0,1,1,0,0,0,0,1,0,1,0,1,1,1,0,0,0,1,1,1,1,1,1,1,1,1
78,0,1,1,0,0,1,1,0,1,0,0,0,1,1,0,1,0,0,1,1,0,0,1,0,1,1,1,0,0,1,1,0,0,0,1,0,0,0,0,0,0,0,0
79,0,1,1,0,0,1,1,0,0,0,1,1,1,1,1,1,0,0,1,1,0,0,1,1,1,0,0,0,0,0,0,1,0,0,0,0,0,0,0,0,0,0,0
80,0,1,1,0,0,1,1,0,0,0,0,0,1,0,0,1,0,0,1,1,0,0,1,1,1,1,1,0,1,1,0,0,0,0,0,1,1,1,1,1,1,1,1
81,0,1,1,0,0,1,1,1,1,1,1,0,0,0,0,1,0,0,1,1,0,0,0,0,0,0,1,1,1,1,1,1,1,0,0,1,1,1,1,1,1,1,1
82,0,1,1,0,0,1,1,1,1,1,0,1,0,0,1,1,0,0,1,1,0,0,0,0,0,1,0,1,1,0,0,1,0,1,1,1,1,1,1,1,1,1,1
83,0,1,1,0,0,1,0,1,0,1,1,1,1,0,0,1,0,0,1,1,0,1,0,1,0,0,0,0,1,1,1,0,1,1,1,1,1,1,1,1,1,1,1
84,0,1,1,0,0,1,0,0,0,1,0,0,1,1,1,1,0,0,1,1,0,1,1,1,0,1,1,0,0,0,1,0,0,0,0,0,0,0,1,0,0,0,1
85,0,1,1,0,0,1,0,0,1,0,1,0,1,1,0,1,0,0,1,1,0,1,1,0,1,0,1,0,0,1,0,0,1,0,0,1,1,1,1,1,1,1,1
86,0,1,1,0,0,1,0,0,1,0,0,0,1,1,1,1,0,0,1,1,0,1,1,0,1,1,1,0,0,0,1,0,0,1,1,1,1,1,1,0,1,0,1
87,0,1,1,0,0,1,0,1,0,0,1,0,0,0,1,1,0,0,1,1,0,1,0,1,1,0,1,1,1,0,0,1,1,1,0,1,1,1,1,1,1,1,1
88,0,1,1,0,0,1,0,1,0,0,0,1,1,0,0,1,0,0,1,1,0,1,0,1,1,1,0,0,1,1,0,1,0,1,1,1,1,1,1,1,1,1,1
89,0,1,1,0,0,0,1,0,1,1,1,0,0,1,0,1,0,0,1,1,1,0,1,0,0,0,1,1,0,1,1,0,0,1,1,0,0,1,0,0,0,0,0
90,0,1,1,0,0,0,1,1,1,1,0,1,0,0,1,1,0,0,1,1,1,0,0,0,0,1,0,1,1,0,1,1,0,1,0,0,0,1,0,0,0,0,0
91,0,1,1,0,0,0,1,0,0,1,1,0,1,0,1,1,0,0,1,1,1,0,1,1,0,0,1,0,1,0,0,0,0,0,0,1,1,1,0,1,1,0,0
92,0,1,1,0,0,0,1,0,0,1,0,0,1,0,0,1,0,0,1,1,1,0,1,1,0,1,1,0,1,1,0,1,1,0,0,1,1,1,1,1,1,1,1
93,0,1,1,0,0,0,1,0,1,0,1,0,1,0,0,1,0,0,1,1,1,0,1,0,1,0,1,0,1,1,0,1,0,1,0,1,1,1,1,1,1,1,1
94,0,1,1,0,0,0,1,0,1,0,0,0,0,1,0,1,0,0,1,1,1,0,1,0,1,1,1,1,0,1,0,0,1,0,1,0,0,0,0,0,0,0,0
95,0,1,1,0,0,0,0,0,0,0,1,1,0,0,1,1,0,0,1,1,1,1,1,1,1,0,0,1,1,0,1,0,1,0,0,1,1,1,1,1,1,1,1
96,0,1,1,0,0,0,0,1,0,0,0,1,0,0,1,1,0,0,1,1,1,1,0,1,1,1,0,1,1,0,0,1,0,0,0,0,0,0,0,0,0,0,0
97,0,1,1,0,0,0,0,0,1,1,1,1,0,1,1,1,0,0,1,1,1,1,1,0,0,0,0,1,0,0,0,0,0,0,1,0,0,0,0,0,0,0,0
98,0,1,1,0,0,0,0,0,1,1,0,1,0,0,1,1,0,0,1,1,1,1,1,0,0,1,0,1,1,0,1,1,0,1,1,1,1,1,1,1,1,1,1
99,0,1,1,0,0,0,0,1,0,1,1,0,1,1,0,1,0,0,1,1,1,1,0,1,0,0,1,0,0,1,1,0,0,0,1,1,1,1,1,1,1,1,1
100,0,1,1,0,0,0,0,1,0,1,0,1,0,1,0,1,0,0,1,1,1,1,0,1,0,1,0,1,0,1,1,0,0,0,0,0,0,0,0,0,0,0,0
101,0,1,0,1,1,1,1,1,1,0,1,1,0,0,0,1,0,1,0,0,0,0,0,0,1,0,0,1,1,1,0,1,0,1,0,1,1,1,1,1,1,1,1
102,0,1,0,1,1,1,1,0,1,0,0,0,1,0,0,1,0,1,0,0,0,0,1,0,1,1,1,0,1,1,1,1,1,1,1,1,1,1,1,1,1,1,1
103,0,1,0,1,1,1,1,0,0,0,1,1,1,1,1,1,0,1,0,0,0,0,1,1,1,0,0,0,0,0,0,1,0,1,1,1,1,1,1,1,1,1,1
104,0,1,0,1,1,1,1,1,0,0,0,1,0,0,0,1,0,1,0,0,0,0,0,1,1,1,0,1,1,1,0,0,0,0,0,1,1,1,1,1,1,1,1
105,0,1,0,1,1,1,1,1,1,1,1,1,0,0,0,1,0,1,0,0,0,0,0,0,0,0,0,1,1,1,0,0,1,1,1,0,0,0,0,0,0,0,0
106,0,1,0,1,1,1,1,1,1,1,0,0,0,0,1,1,0,1,0,0,0,0,0,0,0,1,1,1,1,0,1,0,0,0,1,0,0,0,0,0,0,0,0
107,0,1,0,1,1,1,1,1,0,1,1,0,0,1,1,1,0,1,0,0,0,0,0,1,0,0,1,1,0,0,0,1,0,1,0,0,0,0,0,0,0,0,0
108,0,1,0,1,1,1,0,0,0,1,0,0,1,1,0,1,0,1,0,0,0,1,1,1,0,1,1,0,0,1,0,1,1,1,0,1,0,0,0,1,0,0,0
109,0,1,0,1,1,1,0,1,1,0,1,1,1,0,1,1,0,1,0,0,0,1,0,0,1,0,0,0,1,0,1,0,1,1,0,0,0,0,0,0,0,0,0
110,0,1,0,1,1,1,0,1,1,0,0,0,1,0,1,1,0,1,0,0,0,1,0,0,1,1,1,0,1,0,1,0,0,1,1,0,0,0,0,0,0,0,0
111,0,1,0,1,1,1,0,1,0,0,1,1,0,1,1,1,0,1,0,0,0,1,0,1,1,0,0,1,0,0,0,0,1,0,1,0,0,0,0,0,0,0,0
112,0,1,0,1,1,1,0,0,0,0,0,0,0,1,1,1,0,1,0,0,0,1,1,1,1,1,1,1,0,0,0,1,0,1,0,1,1,1,1,1,1,1,1
113,0,1,0,1,1,1,0,1,1,1,1,0,0,0,1,1,0,1,0,0,0,1,0,0,0,0,1,1,1,0,1,1,1,0,1,0,0,0,0,0,0,0,0
114,0,1,0,1,1,0,1,1,1,1,0,1,0,0,1,1,0,1,0,0,1,0,0,0,0,1,0,1,1,0,0,0,0,0,0,0,1,1,1,1,0,1,1
115,0,1,0,1,1,0,1,0,0,1,1,1,0,0,0,1,0,1,0,0,1,0,1,1,0,0,0,1,1,1,1,0,0,0,1,0,1,1,1,1,0,1,1
116,0,1,0,1,1,0,1,1,0,1,0,1,1,0,1,1,0,1,0,0,1,0,0,1,0,1,0,0,1,0,1,1,0,1,1,0,0,0,0,0,0,0,0
117,0,1,0,1,1,0,1,1,1,0,1,1,1,1,1,1,0,1,0,0,1,0,0,0,1,0,0,0,0,0,0,0,1,0,1,1,1,0,1,1,1,1,1
118,0,1,0,1,1,0,1,1,1,0,0,1,1,0,1,1,0,1,0,0,1,0,0,0,1,1,0,0,1,0,0,1,0,0,1,1,1,1,1,1,1,1,1
119,0,1,0,1,1,0,1,0,0,0,1,0,1,1,1,1,0,1,0,0,1,0,1,1,1,0,1,0,0,0,1,1,1,1,1,0,0,0,0,0,0,0,0
120,0,1,0,1,1,0,0,0,0,0,0,1,1,0,0,1,0,1,0,0,1,1,1,1,1,1,0,0,1,1,0,0,0,1,1,0,0,0,1,0,0,0,0
121,0,1,0,1,1,0,0,0,1,1,1,1,0,1,0,1,0,1,0,0,1,1,1,0,0,0,0,1,0,1,0,1,0,0,1,0,0,0,0,0,0,0,0
122,0,1,0,1,1,0,0,1,1,1,0,1,1,1,0,1,0,1,0,0,1,1,0,0,0,1,0,0,0,1,0,1,1,1,1,1,1,0,1,1,1,1,1
123,0,1,0,1,1,0,0,1,0,1,1,0,1,1,1,1,0,1,0,0,1,1,0,1,0,0,1,0,0,0,1,1,0,0,0,1,1,1,1,1,1,1,1
124,0,1,0,1,1,0,0,0,0,1,0,1,1,1,0,1,0,1,0,0,1,1,1,1,0,1,0,0,0,1,1,0,1,1,1,1,1,1,1,1,1,1,1
125,0,1,0,1,1,0,0,0,1,0,1,1,1,0,1,1,0,1,0,0,1,1,1,0,1,0,0,0,1,0,0,1,0,1,0,1,1,1,1,1,1,1,1
126,0,1,0,1,0,1,1,1,1,0,0,1,0,0,0,1,0,1,0,1,0,0,0,0,1,1,0,1,1,1,1,0,0,1,1,1,1,1,1,1,1,1,1
127,0,1,0,1,0,1,1,0,0,0,1,1,0,0,1,1,0,1,0,1,0,0,1,1,1,0,0,1,1,0,0,0,1,1,1,1,1,1,1,1,1,1,1
128,0,1,0,1,0,1,1,0,0,0,0,1,0,0,0,1,0,1,0,1,0,0,1,1,1,1,0,1,1,1,0,0,0,0,1,1,1,1,1,1,1,1,1
129,0,1,0,1,0,1,1,1,1,1,1,1,1,0,1,1,0,1,0,1,0,0,0,0,0,0,0,0,1,0,1,1,1,0,0,0,0,0,0,0,0,0,0
130,0,1,0,1,0,1,1,0,1,1,0,1,1,1,0,1,0,1,0,1,0,0,1,0,0,1,0,0,0,1,0,0,1,0,0,0,0,0,0,0,0,0,0
131,0,1,0,1,0,1,1,0,0,1,1,1,1,1,1,1,0,1,0,1,0,0,1,1,0,0,0,0,0,0,1,0,0,0,0,0,0,0,0,0,0,0,0
132,0,1,0,1,0,1,1,1,0,1,0,0,0,1,1,1,0,1,0,1,0,0,0,1,0,1,1,1,0,0,0,1,1,0,1,0,0,0,0,0,0,0,0
133,0,1,0,1,0,1,0,1,1,0,1,0,1,1,0,1,0,1,0,1,0,1,0,0,1,0,1,0,0,1,1,0,0,1,1,0,0,0,0,0,0,0,0
134,0,1,0,1,0,1,0,1,1,0,0,0,0,1,1,1,0,1,0,1,0,1,0,0,1,1,1,1,0,0,1,0,1,0,0,0,0,0,0,0,0,0,0
135,0,1,0,1,0,1,0,1,0,0,1,1,1,1,0,1,0,1,0,1,0,1,0,1,1,0,0,0,0,1,1,0,1,1,0,0,0,0,0,0,0,0,0
136,0,1,0,1,0,1,0,0,0,0,0,1,1,1,0,1,0,1,0,1,0,1,1,1,1,1,0,0,0,1,0,1,1,1,1,1,1,1,1,1,1,1,1
137,0,1,0,1,0,1,0,0,1,1,1,1,1,0,1,1,0,1,0,1,0,1,1,0,0,0,0,0,1,0,0,0,0,1,0,0,0,0,0,0,0,0,0
138,0,1,0,1,0,1,0,0,1,1,0,1,0,1,1,1,0,1,0,1,0,1,1,0,0,1,0,1,0,0,0,0,1,1,1,0,0,0,0,0,0,0,0
139,0,1,0,1,0,0,1,0,0,1,1,0,0,1,0,1,0,1,0,1,1,0,1,1,0,0,1,1,0,1,0,1,0,1,0,0,0,0,0,0,0,0,0
140,0,1,0,1,0,0,1,0,0,1,0,1,0,0,1,1,0,1,0,1,1,0,1,1,0,1,0,1,1,0,1,1,1,1,1,1,1,1,1,1,1,1,1
141,0,1,0,1,0,0,1,0,1,0,1,1,1,0,0,1,0,1,0,1,1,0,1,0,1,0,0,0,1,1,1,0,1,0,1,1,1,1,1,1,1,1,1
142,0,1,0,1,0,0,1,1,1,0,0,1,0,1,0,1,0,1,0,1,1,0,0,0,1,1,0,1,0,1,0,0,0,0,0,1,1,1,1,1,1,1,1
143,0,1,0,1,0,0,1,1,0,0,1,0,1,0,1,1,0,1,0,1,1,0,0,1,1,0,1,0,1,0,0,0,0,1,0,1,1,1,1,1,1,1,1
144,0,1,0,1,0,0,1,0,0,0,0,1,0,1,1,1,0,1,0,1,1,0,1,1,1,1,0,1,0,0,1,0,0,0,1,1,1,1,1,1,1,1,1
145,0,1,0,1,0,0,0,0,1,1,1,0,1,1,1,1,0,1,0,1,1,1,1,0,0,0,1,0,0,0,0,1,1,0,1,1,1,1,1,1,1,1,1
146,0,1,0,1,0,0,0,0,1,1,0,0,1,1,0,1,0,1,0,1,1,1,1,0,0,1,1,0,0,1,1,1,0,1,1,1,0,0,1,1,1,1,1
147,0,1,0,1,0,0,0,0,0,1,1,1,0,0,0,1,0,1,0,1,1,1,1,1,0,0,0,1,1,1,0,0,1,0,1,1,0,0,0,1,1,0,0
148,0,1,0,1,0,0,0,1,0,1,0,0,0,1,1,1,0,1,0,1,1,1,0,1,0,1,1,1,0,0,0,1,1,0,1,0,0,0,0,0,0,0,0
149,0,1,0,1,0,0,0,0,1,0,1,0,0,1,1,1,0,1,0,1,1,1,1,0,1,0,1,1,0,0,1,1,1,1,1,0,0,0,0,0,0,0,0
150,0,1,0,1,0,0,0,1,1,0,0,1,1,0,0,1,0,1,0,1,1,1,0,0,1,1,0,0,1,1,0,1,0,1,1,1,1,1,1,1,1,1,1
151,0,1,0,0,1,1,1,0,0,0,1,1,0,0,0,1,0,1,1,0,0,0,1,1,1,0,0,1,1,1,0,1,0,0,1,0,0,0,0,0,0,0,0
152,0,1,0,0,1,1,1,1,0,0,0,0,1,1,1,1,0,1,1,0,0,0,0,1,1,1,1,0,0,0,1,0,0,0,1,1,1,1,1,1,1,1,1
153,0,1,0,0,1,1,1,0,1,1,1,0,1,0,0,1,0,1,1,0,0,0,1,0,0,0,1,0,1,1,0,0,1,1,1,0,0,0,0,0,0,0,0
154,0,1,0,0,1,1,1,1,1,1,0,0,0,1,0,1,0,1,1,0,0,0,0,0,0,1,1,1,0,1,0,0,1,0,1,0,0,0,0,0,0,0,0
155,0,1,0,0,1,1,1,1,0,1,1,1,0,1,0,1,0,1,1,0,0,0,0,1,0,0,0,1,0,1,1,0,0,1,0,0,0,0,0,0,0,0,0
156,0,1,0,0,1,1,1,0,0,1,0,0,0,0,1,1,0,1,1,0,0,0,1,1,0,1,1,1,1,0,0,1,1,0,0,0,0,0,0,0,0,0,0
157,0,1,0,0,1,1,1,1,1,0,1,0,0,1,1,1,0,1,1,0,0,0,0,0,1,0,1,1,0,0,1,0,1,1,1,0,0,0,0,0,0,0,0
158,0,1,0,0,1,1,0,0,1,0,0,1,1,1,1,1,0,1,1,0,0,1,1,0,1,1,0,0,0,0,0,1,1,0,0,1,1,1,0,1,1,0,0
159,0,1,0,0,1,1,0,0,0,0,1,0,0,1,1,1,0,1,1,0,0,1,1,1,1,0,1,1,0,0,0,1,1,1,0,0,0,0,0,0,0,0,0
160,0,1,0,0,1,1,0,1,0,0,0,0,1,1,1,1,0,1,1,0,0,1,0,1,1,1,1,0,0,0,0,1,1,0,0,1,1,1,1,1,1,1,1
161,0,1,0,0,1,1,0,0,1,1,1,1,1,1,0,1,0,1,1,0,0,1,1,0,0,0,0,0,0,1,1,1,0,0,0,1,1,1,1,1,1,1,1
162,0,1,0,0,1,1,0,1,1,1,0,1,0,1,1,1,0,1,1,0,0,1,0,0,0,1,0,1,0,0,1,0,0,0,0,0,0,0,0,0,0,0,0
163,0,1,0,0,1,1,0,0,0,1,1,0,1,1,0,1,0,1,1,0,0,1,1,1,0,0,1,0,0,1,1,1,0,0,0,1,1,1,1,1,1,1,1
164,0,1,0,0,1,0,1,1,0,1,0,0,1,0,0,1,0,1,1,0,1,0,0,1,0,1,1,0,1,1,0,1,0,0,0,0,0,0,0,0,0,0,0
165,0,1,0,0,1,0,1,0,1,0,1,0,0,1,1,1,0,1,1,0,1,0,1,0,1,0,1,1,0,0,0,1,0,0,1,1,1,1,1,1,1,1,1
166,0,1,0,0,1,0,1,1,1,0,0,1,0,1,1,1,0,1,1,0,1,0,0,0,1,1,0,1,0,0,1,1,0,1,0,0,0,0,0,0,0,0,0
167,0,1,0,0,1,0,1,0,0,0,1,1,1,1,1,1,0,1,1,0,1,0,1,1,1,0,0,0,0,0,1,1,0,1,0,0,0,0,0,0,0,0,0
168,0,1,0,0,1,0,1,1,0,0,0,1,1,0,1,1,0,1,1,0,1,0,0,1,1,1,0,0,1,0,1,0,0,1,0,1,0,1,0,0,0,0,0
169,0,1,0,0,1,0,1,1,1,1,1,1,0,1,1,1,0,1,1,0,1,0,0,0,0,0,0,1,0,0,0,0,0,0,0,0,0,0,0,0,0,0,0
170,0,1,0,0,1,0,0,1,1,1,0,0,1,1,1,1,0,1,1,0,1,1,0,0,0,1,1,0,0,0,0,1,0,0,1,0,0,0,0,0,0,0,0
171,0,1,0,0,1,0,0,0,0,1,1,1,1,1,0,1,0,1,1,0,1,1,1,1,0,0,0,0,0,1,0,0,1,0,0,0,0,0,0,0,0,0,0
172,0,1,0,0,1,0,0,0,0,1,0,0,1,0,1,1,0,1,1,0,1,1,1,1,0,1,1,0,1,0,1,0,0,1,1,1,1,1,1,1,1,1,1
173,0,1,0,0,1,0,0,0,1,0,1,0,0,1,1,1,0,1,1,0,1,1,1,0,1,0,1,1,0,0,1,1,1,1,0,0,0,0,0,0,0,0,0
174,0,1,0,0,1,0,0,0,1,0,0,1,0,1,0,1,0,1,1,0,1,1,1,0,1,1,0,1,0,1,0,0,0,0,1,0,0,0,0,0,0,0,0
175,0,1,0,0,1,0,0,0,0,0,1,1,0,0,1,1,0,1,1,0,1,1,1,1,1,0,0,1,1,0,0,1,0,0,1,0,0,0,0,0,0,0,0
176,0,1,0,0,0,1,1,1,0,0,0,1,0,1,1,1,0,1,1,1,0,0,0,1,1,1,0,1,0,0,1,1,1,1,0,0,0,0,0,0,0,0,0
177,0,1,0,0,0,1,1,0,1,1,1,0,1,0,0,1,0,1,1,1,0,0,1,0,0,0,1,0,1,1,0,0,0,1,0,0,0,0,0,0,0,0,0
178,0,1,0,0,0,1,1,0,1,1,0,0,1,0,1,1,0,1,1,1,0,0,1,0,0,1,1,0,1,0,1,1,1,1,0,1,1,1,1,1,1,1,1
179,0,1,0,0,0,1,1,0,0,1,1,0,1,1,1,1,0,1,1,1,0,0,1,1,0,0,1,0,0,0,1,0,0,0,1,0,0,0,0,0,0,0,0
180,0,1,0,0,0,1,1,0,0,1,0,0,0,1,1,1,0,1,1,1,0,0,1,1,0,1,1,1,0,0,1,1,1,1,0,1,1,1,1,1,1,1,1
181,0,1,0,0,0,1,1,0,1,0,1,1,1,1,0,1,0,1,1,1,0,0,1,0,1,0,0,0,0,1,1,0,0,1,0,1,1,1,1,1,1,1,1
182,0,1,0,0,0,1,1,0,1,0,0,0,0,0,1,1,0,1,1,1,0,0,1,0,1,1,1,1,1,0,1,1,1,0,0,0,0,0,0,0,0,0,0
183,0,1,0,0,0,1,0,1,0,0,1,0,0,0,0,1,0,1,1,1,0,1,0,1,1,0,1,1,1,1,0,0,0,1,0,0,0,0,0,0,0,0,0
184,0,1,0,0,0,1,0,0,0,0,0,0,1,1,1,1,0,1,1,1,0,1,1,1,1,1,1,0,0,0,1,1,1,1,0,0,0,0,0,0,0,0,0
185,0,1,0,0,0,1,0,1,1,1,1,0,1,1,1,1,0,1,1,1,0,1,0,0,0,0,1,0,0,0,1,1,0,0,1,0,0,0,0,0,0,0,0
186,0,1,0,0,0,1,0,1,1,1,0,1,1,0,0,1,0,1,1,1,0,1,0,0,0,1,0,0,1,1,0,0,1,1,0,0,0,0,0,0,0,0,0
187,0,1,0,0,0,1,0,1,0,1,1,0,0,1,0,1,0,1,1,1,0,1,0,1,0,0,1,1,0,1,1,0,1,1,0,0,0,0,0,0,0,0,0
188,0,1,0,0,0,1,0,0,0,1,0,0,0,1,1,1,0,1,1,1,0,1,1,1,0,1,1,1,0,0,0,0,1,1,1,0,0,0,0,0,0,0,0
189,0,1,0,0,0,0,1,1,1,0,1,0,1,0,0,1,0,1,1,1,1,0,0,0,1,0,1,0,1,1,0,0,1,0,0,0,1,0,1,0,0,0,0
190,0,1,0,0,0,0,1,1,1,0,0,0,1,0,0,1,0,1,1,1,1,0,0,0,1,1,1,0,1,1,1,1,0,1,1,0,0,0,0,0,0,0,0
191,0,1,0,0,0,0,1,0,0,0,1,1,0,0,1,1,0,1,1,1,1,0,1,1,1,0,0,1,1,0,1,1,0,1,0,1,1,1,1,1,1,1,1
192,0,1,0,0,0,0,1,1,0,0,0,0,1,0,1,1,0,1,1,1,1,0,0,1,1,1,1,0,1,0,1,1,0,0,1,1,0,1,0,1,1,0,0
193,0,1,0,0,0,0,1,1,1,1,1,1,1,1,1,1,0,1,1,1,1,0,0,0,0,0,0,0,0,0,1,1,0,0,0,0,0,0,0,0,0,0,0
194,0,1,0,0,0,0,1,0,1,1,0,1,0,0,1,1,0,1,1,1,1,0,1,0,0,1,0,1,1,0,1,1,0,1,0,0,0,0,0,0,0,0,0
195,0,1,0,0,0,0,0,0,0,1,1,0,0,0,0,1,0,1,1,1,1,1,1,1,0,0,1,1,1,1,0,0,1,0,1,0,0,0,0,0,0,0,0
196,0,1,0,0,0,0,0,0,0,1,0,0,0,0,0,1,0,1,1,1,1,1,1,1,0,1,1,1,1,1,0,1,1,0,1,0,0,0,1,0,0,0,0
197,0,1,0,0,0,0,0,1,1,0,1,0,1,1,1,1,0,1,1,1,1,1,0,0,1,0,1,0,0,0,0,0,0,0,0,0,0,0,1,0,0,0,0
198,0,1,0,0,0,0,0,1,1,0,0,1,1,0,0,1,0,1,1,1,1,1,0,0,1,1,0,0,1,1,1,1,0,0,1,0,0,0,0,0,0,0,0
199,0,1,0,0,0,0,0,0,0,0,1,0,1,1,0,1,0,1,1,1,1,1,1,1,1,0,1,0,0,1,0,0,0,1,1,0,0,0,0,0,0,0,0
200,0,1,0,0,0,0,0,1,0,0,0,1,1,1,1,1,0,1,1,1,1,1,0,1,1,1,0,0,0,0,0,0,1,1,1,1,1,1,1,1,1,1,1
201,0,0,1,1,1,1,1,1,1,1,1,0,0,1,0,1,1,0,0,0,0,0,0,0,0,0,1,1,0,1,1,1,1,1,0,0,0,0,0,0,0,0,0
202,0,0,1,1,1,1,1,1,1,1,0,0,0,1,0,1,1,0,0,0,0,0,0,0,0,1,1,1,0,1,1,0,0,0,0,0,0,0,0,0,0,0,0
203,0,0,1,1,1,1,1,1,0,1,1,1,0,0,0,1,1,0,0,0,0,0,0,1,0,0,0,1,1,1,1,0,1,0,1,1,1,1,1,1,1,1,1
204,0,0,1,1,1,1,1,0,0,1,0,1,0,0,1,1,1,0,0,0,0,0,1,1,0,1,0,1,1,0,1,1,1,1,1,1,1,1,1,1,1,1,1
205,0,0,1,1,1,1,1,1,1,0,1,1,1,1,0,1,1,0,0,0,0,0,0,0,1,0,0,0,0,1,0,0,0,0,1,0,0,1,0,1,1,0,0
206,0,0,1,1,1,1,1,1,1,0,0,0,0,1,1,1,1,0,0,0,0,0,0,0,1,1,1,1,0,0,0,1,0,1,1,1,1,1,1,1,1,1,1
207,0,0,1,1,1,1,1,1,0,0,1,0,1,1,0,1,1,0,0,0,0,0,0,1,1,0,1,0,0,1,0,1,0,0,0,1,1,1,1,1,1,1,1
208,0,0,1,1,1,1,0,0,0,0,0,1,0,0,0,1,1,0,0,0,0,1,1,1,1,1,0,1,1,1,0,0,0,0,0,1,1,1,1,1,1,1,1
209,0,0,1,1,1,1,0,1,1,1,1,1,0,1,0,1,1,0,0,0,0,1,0,0,0,0,0,1,0,1,0,1,1,1,0,1,1,1,1,1,1,1,1
210,0,0,1,1,1,1,0,0,1,1,0,0,0,1,0,1,1,0,0,0,0,1,1,0,0,1,1,1,0,1,0,0,0,1,1,1,1,1,1,1,1,1,1
211,0,0,1,1,1,1,0,0,0,1,1,1,0,1,1,1,1,0,0,0,0,1,1,1,0,0,0,1,0,0,1,0,0,0,0,1,0,0,0,1,1,0,0
212,0,0,1,1,1,1,0,1,0,1,0,1,1,0,0,1,1,0,0,0,0,1,0,1,0,1,0,0,1,1,0,1,0,0,1,1,0,1,0,1,1,0,0
213,0,0,1,1,1,1,0,1,1,0,1,0,1,0,0,1,1,0,0,0,0,1,0,0,1,0,1,0,1,1,1,0,0,0,1,1,1,1,1,1,1,1,1
214,0,0,1,1,1,0,1,1,1,0,0,0,0,0,0,1,1,0,0,0,1,0,0,0,1,1,1,1,1,1,1,0,1,0,0,0,0,0,0,0,1,0,0
215,0,0,1,1,1,0,1,1,0,0,1,1,1,1,0,1,1,0,0,0,1,0,0,1,1,0,0,0,0,1,1,1,1,0,1,1,1,1,0,0,1,0,0
216,0,0,1,1,1,0,1,1,0,0,0,1,0,1,1,1,1,0,0,0,1,0,0,1,1,1,0,1,0,0,0,0,1,1,1,1,1,1,1,1,0,1,1
217,0,0,1,1,1,0,1,1,1,1,1,0,1,0,0,1,1,0,0,0,1,0,0,0,0,0,1,0,1,1,1,0,1,0,1,1,1,1,0,0,1,0,0
218,0,0,1,1,1,0,1,1,1,1,0,1,1,0,0,1,1,0,0,0,1,0,0,0,0,1,0,0,1,1,1,0,1,1,1,1,1,1,1,1,1,1,1
219,0,0,1,1,1,0,1,0,0,1,1,1,0,0,1,1,1,0,0,0,1,0,1,1,0,0,0,1,1,0,0,0,0,0,0,0,0,0,0,0,0,0,0
220,0,0,1,1,1,0,0,0,0,1,0,1,1,1,1,1,1,0,0,0,1,1,1,1,0,1,0,0,0,0,1,1,0,0,1,0,0,0,0,0,0,0,0
221,0,0,1,1,1,0,0,1,1,0,1,0,1,1,1,1,1,0,0,0,1,1,0,0,1,0,1,0,0,0,0,0,0,0,1,0,0,0,0,0,0,0,0
222,0,0,1,1,1,0,0,0,1,0,0,1,0,1,1,1,1,0,0,0,1,1,1,0,1,1,0,1,0,0,1,1,0,1,0,0,0,0,1,0,0,0,1
223,0,0,1,1,1,0,0,1,0,0,1,1,0,1,0,1,1,0,0,0,1,1,0,1,1,0,0,1,0,1,1,1,0,1,0,1,1,1,1,1,1,1,1
224,0,0,1,1,1,0,0,0,0,0,0,1,1,1,0,1,1,0,0,0,1,1,1,1,1,1,0,0,0,1,0,0,1,0,1,0,1,1,1,1,1,1,1
225,0,0,1,1,1,0,0,0,1,1,1,0,1,1,0,1,1,0,0,0,1,1,1,0,0,0,1,0,0,1,1,1,1,1,1,1,1,1,1,1,1,1,1
226,0,0,1,1,0,1,1,1,1,1,0,0,1,0,1,1,1,0,0,1,0,0,0,0,0,1,1,0,1,0,0,1,0,1,0,1,1,1,1,1,1,1,1
227,0,0,1,1,0,1,1,1,0,1,1,0,1,1,1,1,1,0,0,1,0,0,0,1,0,0,1,0,0,0,0,0,0,1,0,1,1,1,1,1,1,1,1
228,0,0,1,1,0,1,1,0,0,1,0,0,1,1,1,1,1,0,0,1,0,0,1,1,0,1,1,0,0,0,0,1,0,0,1,1,1,1,1,1,1,1,1
229,0,0,1,1,0,1,1,0,1,0,1,1,0,0,1,1,1,0,0,1,0,0,1,0,1,0,0,1,1,0,1,0,1,0,0,1,1,1,1,1,1,1,1
230,0,0,1,1,0,1,1,0,1,0,0,1,0,0,0,1,1,0,0,1,0,0,1,0,1,1,0,1,1,1,0,0,0,0,1,1,1,1,1,1,1,1,1
231,0,0,1,1,0,1,1,1,0,0,1,1,0,1,0,1,1,0,0,1,0,0,0,1,1,0,0,1,0,1,0,1,0,0,1,1,1,1,1,1,1,1,1
232,0,0,1,1,0,1,1,0,0,0,0,1,1,0,0,1,1,0,0,1,0,0,1,1,1,1,0,0,1,1,1,1,0,0,1,0,0,0,1,0,0,0,0
233,0,0,1,1,0,1,0,1,1,1,1,1,1,0,1,1,1,0,0,1,0,1,0,0,0,0,0,0,1,0,1,1,0,1,0,1,1,1,1,1,1,1,1
234,0,0,1,1,0,1,0,1,1,1,0,1,0,0,1,1,1,0,0,1,0,1,0,0,0,1,0,1,1,0,0,1,0,1,0,1,1,1,1,1,1,1,1
235,0,0,1,1,0,1,0,0,0,1,1,0,1,0,1,1,1,0,0,1,0,1,1,1,0,0,1,0,1,0,0,1,0,1,1,0,1,1,1,1,0,1,1
236,0,0,1,1,0,1,0,1,0,1,0,1,0,0,0,1,1,0,0,1,0,1,0,1,0,1,0,1,1,1,0,0,1,1,0,0,1,1,1,1,0,1,1
237,0,0,1,1,0,1,0,1,1,0,1,0,1,1,0,1,1,0,0,1,0,1,0,0,1,0,1,0,0,1,1,0,0,1,0,0,0,0,0,0,0,0,0
238,0,0,1,1,0,1,0,1,1,0,0,0,1,0,0,1,1,0,0,1,0,1,0,0,1,1,1,0,1,1,1,1,0,0,0,0,0,0,0,0,0,0,0
239,0,0,1,1,0,0,1,1,0,0,1,0,1,0,1,1,1,0,0,1,1,0,0,1,1,0,1,0,1,0,0,1,0,0,0,0,0,0,0,0,0,0,0
240,0,0,1,1,0,0,1,0,0,0,0,0,1,0,1,1,1,0,0,1,1,0,1,1,1,1,1,0,1,0,1,1,1,0,1,1,1,1,1,1,1,1,1
241,0,0,1,1,0,0,1,1,1,1,1,0,0,1,0,1,1,0,0,1,1,0,0,0,0,0,1,1,0,1,0,0,1,1,1,1,1,1,1,1,1,1,1
242,0,0,1,1,0,0,1,0,1,1,0,1,0,0,1,1,1,0,0,1,1,0,1,0,0,1,0,1,1,0,1,0,0,1,0,0,0,0,0,0,0,0,0
243,0,0,1,1,0,0,1,1,0,1,1,0,1,1,0,1,1,0,0,1,1,0,0,1,0,0,1,0,0,1,1,0,0,1,1,1,1,1,1,1,1,1,1
244,0,0,1,1,0,0,1,0,0,1,0,0,1,1,0,1,1,0,0,1,1,0,1,1,0,1,1,0,0,1,1,1,0,1,1,1,1,1,1,1,0,1,1
245,0,0,1,1,0,0,0,1,1,0,1,1,0,1,1,1,1,0,0,1,1,1,0,0,1,0,0,1,0,0,0,1,1,0,0,1,1,1,1,1,1,1,1
246,0,0,1,1,0,0,0,0,1,0,0,1,0,0,0,1,1,0,0,1,1,1,1,0,1,1,0,1,1,1,0,0,1,0,1,0,0,0,0,0,0,0,0
247,0,0,1,1,0,0,0,1,0,0,1,1,1,1,1,1,1,0,0,1,1,1,0,1,1,0,0,0,0,0,0,1,0,1,1,1,1,1,1,1,1,1,1
248,0,0,1,1,0,0,0,1,0,0,0,1,0,0,0,1,1,0,0,1,1,1,0,1,1,1,0,1,1,1,0,1,1,0,1,1,0,1,1,0,0,0,1
249,0,0,1,1,0,0,0,0,1,1,1,0,0,0,0,1,1,0,0,1,1,1,1,0,0,0,1,1,1,1,0,1,0,0,0,1,0,1,0,0,0,0,0
250,0,0,1,1,0,0,0,0,1,1,0,1,0,0,0,1,1,0,0,1,1,1,1,0,0,1,0,1,1,1,0,0,0,1,1,1,1,1,1,1,1,1,1
251,0,0,1,0,1,1,1,1,0,1,1,0,0,0,0,1,1,0,1,0,0,0,0,1,0,0,1,1,1,1,0,0,0,0,1,1,1,1,1,1,1,1,1
252,0,0,1,0,1,1,1,0,0,1,0,1,0,0,1,1,1,0,1,0,0,0,1,1,0,1,0,1,1,0,0,0,1,0,0,1,1,1,1,1,1,1,1
253,0,0,1,0,1,1,1,0,1,0,1,1,1,0,1,1,1,0,1,0,0,0,1,0,1,0,0,0,1,0,1,1,0,0,1,1,1,1,1,1,1,1,1
254,0,0,1,0,1,1,1,1,1,0,0,1,0,1,1,1,1,0,1,0,0,0,0,0,1,1,0,1,0,0,0,1,1,1,1,0,0,0,0,0,0,0,0
255,0,0,1,0,1,1,1,0,0,0,1,0,0,1,0,1,1,0,1,0,0,0,1,1,1,0,1,1,0,1,0,1,1,0,0,1,1,1,1,1,1,1,1
256,0,0,1,0,1,1,1,1,0,0,0,0,0,0,1,1,1,0,1,0,0,0,0,1,1,1,1,1,1,0,0,0,1,1,0,1,1,0,1,1,1,1,1
257,0,0,1,0,1,1,1,0,1,1,1,0,0,1,1,1,1,0,1,0,0,0,1,0,0,0,1,1,0,0,1,1,0,1,0,1,1,0,1,0,0,0,0
258,0,0,1,0,1,1,0,1,1,1,0,0,1,1,1,1,1,0,1,0,0,1,0,0,0,1,1,0,0,0,0,1,0,1,1,0,0,0,0,0,0,0,0
259,0,0,1,0,1,1,0,1,0,1,1,0,1,1,0,1,1,0,1,0,0,1,0,1,0,0,1,0,0,1,0,0,1,0,0,1,1,1,1,1,1,1,1
260,0,0,1,0,1,1,0,1,0,1,0,1,1,1,0,1,1,0,1,0,0,1,0,1,0,1,0,0,0,1,1,0,1,0,0,1,1,1,1,1,1,1,1
261,0,0,1,0,1,1,0,1,1,0,1,0,0,0,0,1,1,0,1,0,0,1,0,0,1,0,1,1,1,1,1,0,1,0,0,1,1,1,1,1,1,1,1
262,0,0,1,0,1,1,0,0,1,0,0,0,0,1,0,1,1,0,1,0,0,1,1,0,1,1,1,1,0,1,0,1,0,0,0,0,0,0,0,0,0,0,0
263,0,0,1,0,1,1,0,0,0,0,1,0,1,1,0,1,1,0,1,0,0,1,1,1,1,0,1,0,0,1,0,1,0,1,1,1,1,1,1,0,0,0,1
264,0,0,1,0,1,0,1,1,0,0,0,0,0,1,1,1,1,0,1,0,1,0,0,1,1,1,1,1,0,0,1,1,0,1,0,1,1,1,1,1,1,1,1
265,0,0,1,0,1,0,1,0,1,1,1,1,0,0,0,1,1,0,1,0,1,0,1,0,0,0,0,1,1,1,1,0,1,1,1,1,0,0,0,0,0,0,0
266,0,0,1,0,1,0,1,1,1,1,0,1,1,0,0,1,1,0,1,0,1,0,0,0,0,1,0,0,1,1,0,0,1,0,0,1,0,0,0,0,0,0,0
267,0,0,1,0,1,0,1,1,0,1,1,0,0,1,1,1,1,0,1,0,1,0,0,1,0,0,1,1,0,0,1,1,1,1,1,1,0,1,1,1,1,1,1
268,0,0,1,0,1,0,1,0,0,1,0,0,0,0,1,1,1,0,1,0,1,0,1,1,0,1,1,1,1,0,0,0,1,1,1,0,0,0,0,0,0,0,0
269,0,0,1,0,1,0,1,1,1,0,1,0,0,1,0,1,1,0,1,0,1,0,0,0,1,0,1,1,0,1,0,0,1,1,0,1,0,1,1,1,1,1,1
270,0,0,1,0,1,0,0,0,1,0,0,0,0,1,0,1,1,0,1,0,1,1,1,0,1,1,1,1,0,1,1,0,0,0,1,0,0,0,0,0,0,0,0
271,0,0,1,0,1,0,0,0,0,0,1,0,1,0,0,1,1,0,1,0,1,1,1,1,1,0,1,0,1,1,0,0,1,1,1,0,0,0,0,0,0,0,0
272,0,0,1,0,1,0,0,1,0,0,0,1,0,0,0,1,1,0,1,0,1,1,0,1,1,1,0,1,1,1,0,0,1,0,0,1,1,1,1,1,1,1,1
273,0,0,1,0,1,0,0,0,1,1,1,1,0,0,0,1,1,0,1,0,1,1,1,0,0,0,0,1,1,1,0,0,1,1,1,1,1,1,1,1,1,1,1
274,0,0,1,0,1,0,0,0,1,1,0,1,0,0,1,1,1,0,1,0,1,1,1,0,0,1,0,1,1,0,1,0,1,1,1,1,1,1,1,0,0,0,1
275,0,0,1,0,1,0,0,0,0,1,1,0,1,1,0,1,1,0,1,0,1,1,1,1,0,0,1,0,0,1,1,1,1,1,1,0,1,1,0,0,0,0,0
276,0,0,1,0,0,1,1,0,0,1,0,0,1,0,0,1,1,0,1,1,0,0,1,1,0,1,1,0,1,1,0,1,1,1,1,1,1,1,1,1,1,1,1
277,0,0,1,0,0,1,1,0,1,0,1,0,1,0,0,1,1,0,1,1,0,0,1,0,1,0,1,0,1,1,1,1,0,0,1,0,1,1,0,0,0,0,0
278,0,0,1,0,0,1,1,1,1,0,0,1,0,0,0,1,1,0,1,1,0,0,0,0,1,1,0,1,1,1,1,1,0,0,0,1,1,1,1,1,1,1,1
279,0,0,1,0,0,1,1,1,0,0,1,1,1,0,0,1,1,0,1,1,0,0,0,1,1,0,0,0,1,1,0,0,1,1,1,0,0,0,0,0,0,0,0
280,0,0,1,0,0,1,1,0,0,0,0,1,0,1,1,1,1,0,1,1,0,0,1,1,1,1,0,1,0,0,0,0,1,1,1,0,1,1,0,1,1,0,0
281,0,0,1,0,0,1,1,1,1,1,1,1,1,0,0,1,1,0,1,1,0,0,0,0,0,0,0,0,1,1,0,1,1,1,1,0,0,0,0,0,0,0,0
282,0,0,1,0,0,1,1,0,1,1,0,1,0,0,1,1,1,0,1,1,0,0,1,0,0,1,0,1,1,0,1,1,0,0,0,0,1,1,0,1,1,0,0
283,0,0,1,0,0,1,0,1,0,1,1,1,1,0,1,1,1,0,1,1,0,1,0,1,0,0,0,0,1,0,1,1,1,0,0,0,0,0,0,0,0,0,0
284,0,0,1,0,0,1,0,1,0,1,0,0,1,0,0,1,1,0,1,1,0,1,0,1,0,1,1,0,1,1,1,1,0,0,0,1,1,1,1,1,1,1,1
285,0,0,1,0,0,1,0,0,1,0,1,0,0,0,1,1,1,0,1,1,0,1,1,0,1,0,1,1,1,0,0,0,1,0,1,0,0,0,0,1,1,0,0
286,0,0,1,0,0,1,0,0,1,0,0,1,0,0,1,1,1,0,1,1,0,1,1,0,1,1,0,1,1,0,1,0,1,1,1,0,0,0,0,0,0,0,0
287,0,0,1,0,0,1,0,1,0,0,1,0,1,1,1,1,1,0,1,1,0,1,0,1,1,0,1,0,0,0,0,0,0,1,1,0,0,0,0,0,0,0,0
288,0,0,1,0,0,1,0,0,0,0,0,0,1,0,1,1,1,0,1,1,0,1,1,1,1,1,1,0,1,0,1,0,1,0,0,1,1,1,1,1,1,1,1
289,0,0,1,0,0,0,1,1,1,1,1,0,0,0,0,1,1,0,1,1,1,0,0,0,0,0,1,1,1,1,1,0,1,1,1,1,0,0,0,1,1,0,0
290,0,0,1,0,0,0,1,0,1,1,0,0,1,0,0,1,1,0,1,1,1,0,1,0,0,1,1,0,1,1,1,0,1,1,1,1,1,1,1,1,1,1,1
291,0,0,1,0,0,0,1,1,0,1,1,0,0,0,1,1,1,0,1,1,1,0,0,1,0,0,1,1,1,0,1,0,1,0,1,1,1,1,1,1,1,1,1
292,0,0,1,0,0,0,1,1,0,1,0,1,1,1,0,1,1,0,1,1,1,0,0,1,0,1,0,0,0,1,1,0,1,0,0,1,0,0,0,1,1,0,0
293,0,0,1,0,0,0,1,1,1,0,1,0,0,0,0,1,1,0,1,1,1,0,0,0,1,0,1,1,1,1,1,0,0,0,0,1,0,1,1,1,1,1,1
294,0,0,1,0,0,0,1,0,1,0,0,1,1,0,1,1,1,0,1,1,1,0,1,0,1,1,0,0,1,0,1,1,0,0,1,0,0,0,0,0,0,0,0
295,0,0,1,0,0,0,0,0,0,0,1,1,1,1,1,1,1,0,1,1,1,1,1,1,1,0,0,0,0,0,1,0,1,1,0,1,1,1,1,1,1,1,1
296,0,0,1,0,0,0,0,1,0,0,0,0,1,1,1,1,1,0,1,1,1,1,0,1,1,1,1,0,0,0,0,0,0,1,1,1,1,1,1,1,1,1,1
297,0,0,1,0,0,0,0,0,1,1,1,1,1,0,0,1,1,0,1,1,1,1,1,0,0,0,0,0,1,1,1,0,0,1,0,0,0,0,0,0,0,0,0
298,0,0,1,0,0,0,0,1,1,1,0,1,1,0,1,1,1,0,1,1,1,1,0,0,0,1,0,0,1,0,1,0,0,0,1,1,1,1,1,1,1,1,1
299,0,0,1,0,0,0,0,1,0,1,1,1,1,1,0,1,1,0,1,1,1,1,0,1,0,0,0,0,0,1,0,1,0,1,0,0,0,0,0,0,0,0,0
300,0,0,1,0,0,0,0,1,0,1,0,1,1,1,0,1,1,0,1,1,1,1,0,1,0,1,0,0,0,1,1,1,0,1,0,1,1,1,1,1,1,1,1
301,0,0,0,1,1,1,1,1,1,0,1,1,0,0,1,1,1,1,0,0,0,0,0,0,1,0,0,1,1,0,0,0,0,1,1,0,0,0,0,0,0,0,0
302,0,0,0,1,1,1,1,1,1,0,0,1,0,1,1,1,1,1,0,0,0,0,0,0,1,1,0,1,0,0,0,0,0,0,1,0,0,0,0,0,0,0,0
303,0,0,0,1,1,1,1,1,0,0,1,0,0,1,1,1,1,1,0,0,0,0,0,1,1,0,1,1,0,0,0,1,1,0,1,0,0,0,0,0,0,0,0
304,0,0,0,1,1,1,1,0,0,0,0,1,0,0,0,1,1,1,0,0,0,0,1,1,1,1,0,1,1,1,0,1,1,0,0,1,1,1,0,1,1,0,0
305,0,0,0,1,1,1,1,0,1,1,1,0,1,0,0,1,1,1,0,0,0,0,1,0,0,0,1,0,1,1,1,1,1,0,1,1,1,1,1,1,1,1,1
306,0,0,0,1,1,1,1,1,1,1,0,1,0,0,1,1,1,1,0,0,0,0,0,0,0,1,0,1,1,0,0,0,0,0,1,0,0,0,0,0,0,0,0
307,0,0,0,1,1,1,1,0,0,1,1,1,0,0,1,1,1,1,0,0,0,0,1,1,0,0,0,1,1,0,1,1,1,1,1,1,0,0,1,1,1,1,1
308,0,0,0,1,1,1,0,1,0,1,0,0,1,0,0,1,1,1,0,0,0,1,0,1,0,1,1,0,1,1,1,0,0,1,0,1,1,1,1,1,1,1,1
309,0,0,0,1,1,1,0,0,1,0,1,1,1,0,1,1,1,1,0,0,0,1,1,0,1,0,0,0,1,0,1,1,0,1,1,1,1,1,1,1,1,1,1
310,0,0,0,1,1,1,0,1,1,0,0,0,0,1,1,1,1,1,0,0,0,1,0,0,1,1,1,1,0,0,0,1,0,1,1,1,1,1,1,1,1,1,1
311,0,0,0,1,1,1,0,1,0,0,1,0,1,0,0,1,1,1,0,0,0,1,0,1,1,0,1,0,1,1,1,1,0,1,0,1,1,1,1,1,1,1,1
312,0,0,0,1,1,1,0,1,0,0,0,0,1,0,1,1,1,1,0,0,0,1,0,1,1,1,1,0,1,0,1,0,0,0,1,0,0,1,1,0,0,0,0
313,0,0,0,1,1,1,0,1,1,1,1,0,1,1,1,1,1,1,0,0,0,1,0,0,0,0,1,0,0,0,0,0,0,0,0,0,0,0,0,0,0,0,0
314,0,0,0,1,1,0,1,0,1,1,0,0,0,1,1,1,1,1,0,0,1,0,1,0,0,1,1,1,0,0,0,0,1,1,0,1,1,1,1,1,0,1,1
315,0,0,0,1,1,0,1,1,0,1,1,1,0,1,0,1,1,1,0,0,1,0,0,1,0,0,0,1,0,1,1,1,0,1,1,0,0,0,1,0,0,0,1
316,0,0,0,1,1,0,1,1,0,1,0,1,0,1,0,1,1,1,0,0,1,0,0,1,0,1,0,1,0,1,0,1,0,1,0,0,0,0,1,0,0,0,0
317,0,0,0,1,1,0,1,1,1,0,1,0,1,1,0,1,1,1,0,0,1,0,0,0,1,0,1,0,0,1,1,0,0,1,1,1,1,1,1,1,1,1,1
318,0,0,0,1,1,0,1,0,1,0,0,1,0,1,0,1,1,1,0,0,1,0,1,0,1,1,0,1,0,1,1,1,0,1,0,1,1,1,1,1,1,1,1
319,0,0,0,1,1,0,1,0,0,0,1,0,1,1,0,1,1,1,0,0,1,0,1,1,1,0,1,0,0,1,1,1,0,0,1,0,1,1,1,1,1,1,1
320,0,0,0,1,1,0,0,1,0,0,0,1,1,0,0,1,1,1,0,0,1,1,0,1,1,1,0,0,1,1,0,1,0,1,1,0,0,0,0,0,0,0,0
321,0,0,0,1,1,0,0,0,1,1,1,1,1,1,1,1,1,1,0,0,1,1,1,0,0,0,0,0,0,0,0,1,1,0,0,1,1,1,1,1,1,1,1
322,0,0,0,1,1,0,0,1,1,1,0,1,1,1,0,1,1,1,0,0,1,1,0,0,0,1,0,0,0,1,1,0,1,1,1,0,0,0,0,0,0,0,0
323,0,0,0,1,1,0,0,0,0,1,1,0,0,1,1,1,1,1,0,0,1,1,1,1,0,0,1,1,0,0,0,1,1,0,1,1,1,1,1,1,1,1,1
324,0,0,0,1,1,0,0,0,0,1,0,1,0,1,1,1,1,1,0,0,1,1,1,1,0,1,0,1,0,0,1,1,0,1,1,1,1,1,1,1,1,1,1
325,0,0,0,1,1,0,0,1,1,0,1,1,1,1,1,1,1,1,0,0,1,1,0,0,1,0,0,0,0,0,1,0,0,0,1,1,1,1,1,1,1,1,1
326,0,0,0,1,0,1,1,0,1,0,0,1,0,1,1,1,1,1,0,1,0,0,1,0,1,1,0,1,0,0,1,0,0,1,1,1,1,1,1,0,0,0,1
327,0,0,0,1,0,1,1,1,0,0,1,0,0,1,0,1,1,1,0,1,0,0,0,1,1,0,1,1,0,1,1,1,1,1,0,1,1,1,1,0,0,0,1
328,0,0,0,1,0,1,1,0,0,0,0,1,0,0,1,1,1,1,0,1,0,0,1,1,1,1,0,1,1,0,1,1,0,1,0,1,1,1,1,1,1,1,1
329,0,0,0,1,0,1,1,0,1,1,1,0,1,1,0,1,1,1,0,1,0,0,1,0,0,0,1,0,0,1,1,1,0,0,1,0,1,1,1,1,1,1,1
330,0,0,0,1,0,1,1,0,1,1,0,0,0,0,1,1,1,1,0,1,0,0,1,0,0,1,1,1,1,0,1,1,1,1,0,1,0,1,0,0,0,0,0
331,0,0,0,1,0,1,1,0,0,1,1,1,0,1,0,1,1,1,0,1,0,0,1,1,0,0,0,1,0,1,1,0,1,0,0,1,1,1,1,1,1,1,1
332,0,0,0,1,0,1,1,1,0,1,0,1,0,1,1,1,1,1,0,1,0,0,0,1,0,1,0,1,0,0,0,0,1,1,0,0,0,0,0,0,0,0,0
333,0,0,0,1,0,1,0,1,1,0,1,0,0,0,1,1,1,1,0,1,0,1,0,0,1,0,1,1,1,0,0,0,1,1,0,1,1,1,1,1,1,1,1
334,0,0,0,1,0,1,0,0,1,0,0,0,0,0,1,1,1,1,0,1,0,1,1,0,1,1,1,1,1,0,1,0,0,0,1,0,0,0,0,0,0,0,0
335,0,0,0,1,0,1,0,0,0,0,1,0,1,1,0,1,1,1,0,1,0,1,1,1,1,0,1,0,0,1,1,1,0,1,1,1,1,1,1,1,1,1,1
336,0,0,0,1,0,1,0,0,0,0,0,0,1,0,1,1,1,1,0,1,0,1,1,1,1,1,1,0,1,0,1,1,0,0,1,0,0,0,0,0,0,0,0
337,0,0,0,1,0,1,0,0,1,1,1,1,0,1,1,1,1,1,0,1,0,1,1,0,0,0,0,1,0,0,1,1,1,1,1,1,1,1,0,1,1,0,0
338,0,0,0,1,0,1,0,1,1,1,0,0,0,0,1,1,1,1,0,1,0,1,0,0,0,1,1,1,1,0,1,0,0,0,0,1,1,1,0,0,0,0,0
339,0,0,0,1,0,0,1,1,0,1,1,0,1,1,0,1,1,1,0,1,1,0,0,1,0,0,1,0,0,1,1,1,1,1,1,1,1,1,1,1,1,1,1
340,0,0,0,1,0,0,1,0,0,1,0,0,0,1,0,1,1,1,0,1,1,0,1,1,0,1,1,1,0,1,0,0,1,1,0,1,1,1,0,1,1,0,0
341,0,0,0,1,0,0,1,0,1,0,1,1,1,0,1,1,1,1,0,1,1,0,1,0,1,0,0,0,1,0,1,0,0,1,0,1,1,1,1,1,1,1,1
342,0,0,0,1,0,0,1,1,1,0,0,1,0,0,0,1,1,1,0,1,1,0,0,0,1,1,0,1,1,1,1,0,0,1,1,1,1,1,1,1,1,1,1
343,0,0,0,1,0,0,1,1,0,0,1,0,1,1,0,1,1,1,0,1,1,0,0,1,1,0,1,0,0,1,1,1,0,1,0,1,1,1,1,0,1,0,1
344,0,0,0,1,0,0,1,1,0,0,0,1,0,0,0,1,1,1,0,1,1,0,0,1,1,1,0,1,1,1,0,0,0,1,0,1,1,1,1,1,1,1,1
345,0,0,0,1,0,0,0,0,1,1,1,1,1,0,0,1,1,1,0,1,1,1,1,0,0,0,0,0,1,1,1,0,1,0,0,1,1,1,1,1,1,1,1
346,0,0,0,1,0,0,0,0,1,1,0,0,0,0,1,1,1,1,0,1,1,1,1,0,0,1,1,1,1,0,0,0,0,0,1,0,0,1,0,0,0,0,0
347,0,0,0,1,0,0,0,1,0,1,1,1,1,0,0,1,1,1,0,1,1,1,0,1,0,0,0,0,1,1,0,1,1,1,0,1,1,1,1,1,1,1,1
348,0,0,0,1,0,0,0,0,0,1,0,0,0,1,1,1,1,1,0,1,1,1,1,1,0,1,1,1,0,0,1,1,1,0,0,1,1,1,1,1,1,1,1
349,0,0,0,1,0,0,0,1,1,0,1,0,1,1,1,1,1,1,0,1,1,1,0,0,1,0,1,0,0,0,0,1,0,0,0,1,1,1,1,0,0,0,1
350,0,0,0,1,0,0,0,0,1,0,0,1,0,0,1,1,1,1,0,1,1,1,1,0,1,1,0,1,1,0,0,1,1,1,0,1,1,1,1,1,1,1,1
351,0,0,0,0,1,1,1,1,0,0,1,0,1,1,1,1,1,1,1,0,0,0,0,1,1,0,1,0,0,0,0,0,0,0,1,0,0,0,0,0,0,0,0
352,0,0,0,0,1,1,1,0,0,0,0,1,0,1,0,1,1,1,1,0,0,0,1,1,1,1,0,1,0,1,1,1,1,1,1,0,0,0,0,0,0,0,0
353,0,0,0,0,1,1,1,0,1,1,1,1,1,0,1,1,1,1,1,0,0,0,1,0,0,0,0,0,1,0,1,1,0,0,0,1,1,1,1,1,1,1,1
354,0,0,0,0,1,1,1,1,1,1,0,1,0,1,0,1,1,1,1,0,0,0,0,0,0,1,0,1,0,1,0,0,1,1,1,0,0,0,0,0,0,0,0
355,0,0,0,0,1,1,1,1,0,1,1,1,1,0,0,1,1,1,1,0,0,0,0,1,0,0,0,0,1,1,0,1,0,1,0,1,0,0,1,1,1,1,1
356,0,0,0,0,1,1,1,1,0,1,0,1,1,1,0,1,1,1,1,0,0,0,0,1,0,1,0,0,0,1,1,1,1,0,0,1,1,1,1,1,1,1,1
357,0,0,0,0,1,1,1,1,1,0,1,0,1,0,1,1,1,1,1,0,0,0,0,0,1,0,1,0,1,0,1,1,1,0,0,0,0,0,0,0,0,0,0
358,0,0,0,0,1,1,0,0,1,0,0,0,1,1,1,1,1,1,1,0,0,1,1,0,1,1,1,0,0,0,0,0,0,1,1,1,0,0,1,1,1,1,1
359,0,0,0,0,1,1,0,1,0,0,1,1,0,0,1,1,1,1,1,0,0,1,0,1,1,0,0,1,1,0,1,0,1,1,1,0,0,0,0,0,0,0,0
360,0,0,0,0,1,1,0,0,0,0,0,1,1,0,0,1,1,1,1,0,0,1,1,1,1,1,0,0,1,1,1,0,1,0,1,0,0,0,0,0,0,0,0
361,0,0,0,0,1,1,0,1,1,1,1,0,1,0,0,1,1,1,1,0,0,1,0,0,0,0,1,0,1,1,0,0,1,0,0,0,0,0,0,0,0,0,0
362,0,0,0,0,1,1,0,1,1,1,0,0,0,0,1,1,1,1,1,0,0,1,0,0,0,1,1,1,1,0,1,0,0,1,1,0,0,0,0,0,0,0,0
363,0,0,0,0,1,1,0,1,0,1,1,0,0,1,0,1,1,1,1,0,0,1,0,1,0,0,1,1,0,1,1,1,1,1,1,0,0,0,0,0,0,0,0
364,0,0,0,0,1,0,1,0,0,1,0,0,1,1,0,1,1,1,1,0,1,0,1,1,0,1,1,0,0,1,1,0,0,0,1,0,0,0,0,0,0,0,0
365,0,0,0,0,1,0,1,0,1,0,1,1,0,1,1,1,1,1,1,0,1,0,1,0,1,0,0,1,0,0,0,0,0,0,0,0,0,0,0,0,0,0,0
366,0,0,0,0,1,0,1,1,1,0,0,0,0,1,1,1,1,1,1,0,1,0,0,0,1,1,1,1,0,0,0,0,1,1,0,1,1,1,1,1,1,1,1
367,0,0,0,0,1,0,1,1,0,0,1,1,1,0,0,1,1,1,1,0,1,0,0,1,1,0,0,0,1,1,1,1,0,0,1,1,1,1,1,1,1,1,1
368,0,0,0,0,1,0,1,1,0,0,0,1,1,0,1,1,1,1,1,0,1,0,0,1,1,1,0,0,1,0,0,1,1,0,0,0,0,0,0,0,0,0,0
369,0,0,0,0,1,0,1,1,1,1,1,0,1,0,0,1,1,1,1,0,1,0,0,0,0,0,1,0,1,1,0,1,1,0,1,0,0,0,0,0,0,0,0
370,0,0,0,0,1,0,0,0,1,1,0,0,0,0,1,1,1,1,1,0,1,1,1,0,0,1,1,1,1,0,1,1,0,1,1,1,1,1,1,1,1,1,1
371,0,0,0,0,1,0,0,0,0,1,1,1,1,1,0,1,1,1,1,0,1,1,1,1,0,0,0,0,0,1,0,1,1,1,0,1,1,1,1,1,1,1,1
372,0,0,0,0,1,0,0,0,0,1,0,1,1,1,0,1,1,1,1,0,1,1,1,1,0,1,0,0,0,1,0,1,0,1,1,1,1,1,1,1,1,1,1
373,0,0,0,0,1,0,0,1,1,0,1,0,0,1,1,1,1,1,1,0,1,1,0,0,1,0,1,1,0,0,0,0,0,0,1,0,0,0,0,0,0,0,0
374,0,0,0,0,1,0,0,1,1,0,0,0,0,1,0,1,1,1,1,0,1,1,0,0,1,1,1,1,0,1,0,0,0,1,1,1,1,1,1,1,1,1,1
375,0,0,0,0,1,0,0,1,0,0,1,1,0,1,0,1,1,1,1,0,1,1,0,1,1,0,0,1,0,1,1,1,0,0,0,0,1,0,1,1,1,1,1
376,0,0,0,0,0,1,1,0,0,0,0,0,0,1,0,1,1,1,1,1,0,0,1,1,1,1,1,1,0,1,0,1,1,1,0,1,1,1,1,1,1,1,1
377,0,0,0,0,0,1,1,0,1,1,1,0,0,1,0,1,1,1,1,1,0,0,1,0,0,0,1,1,0,1,0,1,0,1,1,1,1,1,1,1,1,1,1
378,0,0,0,0,0,1,1,1,1,1,0,1,1,0,1,1,1,1,1,1,0,0,0,0,0,1,0,0,1,0,0,0,1,0,0,1,1,1,1,1,1,1,1
379,0,0,0,0,0,1,1,0,0,1,1,0,1,1,0,1,1,1,1,1,0,0,1,1,0,0,1,0,0,1,0,1,1,0,0,1,1,1,1,1,1,1,1
380,0,0,0,0,0,1,1,1,0,1,0,0,0,0,0,1,1,1,1,1,0,0,0,1,0,1,1,1,1,1,1,0,1,0,0,1,1,1,1,1,1,1,1
381,0,0,0,0,0,1,1,0,1,0,1,1,1,0,0,1,1,1,1,1,0,0,1,0,1,0,0,0,1,1,0,0,0,0,1,1,1,1,1,1,1,1,1
382,0,0,0,0,0,1,1,0,1,0,0,0,0,0,1,1,1,1,1,1,0,0,1,0,1,1,1,1,1,0,0,0,0,1,0,1,1,1,1,1,1,1,1
383,0,0,0,0,0,1,0,0,0,0,1,0,0,1,0,1,1,1,1,1,0,1,1,1,1,0,1,1,0,1,1,0,0,0,1,1,0,0,1,1,0,1,1
384,0,0,0,0,0,1,0,1,0,0,0,1,1,1,0,1,1,1,1,1,0,1,0,1,1,1,0,0,0,1,0,0,0,0,0,0,0,0,0,0,0,0,0
385,0,0,0,0,0,1,0,0,1,1,1,0,1,0,1,1,1,1,1,1,0,1,1,0,0,0,1,0,1,0,0,1,1,1,0,1,1,1,1,1,1,1,1
386,0,0,0,0,0,1,0,0,1,1,0,1,1,0,1,1,1,1,1,1,0,1,1,0,0,1,0,0,1,0,0,1,1,0,1,1,1,1,1,1,1,1,1
387,0,0,0,0,0,1,0,1,0,1,1,0,0,1,0,1,1,1,1,1,0,1,0,1,0,0,1,1,0,1,0,0,0,0,0,1,1,1,1,1,1,1,1
388,0,0,0,0,0,1,0,0,0,1,0,1,1,1,0,1,1,1,1,1,0,1,1,1,0,1,0,0,0,1,0,1,1,0,1,1,1,1,1,1,1,1,1
389,0,0,0,0,0,0,1,1,1,0,1,0,1,1,1,1,1,1,1,1,1,0,0,0,1,0,1,0,0,0,1,0,0,0,0,1,1,1,1,1,1,1,1
390,0,0,0,0,0,0,1,0,1,0,0,0,1,1,1,1,1,1,1,1,1,0,1,0,1,1,1,0,0,0,0,1,1,1,0,0,0,0,0,0,0,0,0
391,0,0,0,0,0,0,1,1,0,0,1,1,0,1,0,1,1,1,1,1,1,0,0,1,1,0,0,1,0,1,0,1,0,0,1,1,1,1,1,1,1,1,1
392,0,0,0,0,0,0,1,1,0,0,0,1,1,0,1,1,1,1,1,1,1,0,0,1,1,1,0,0,1,0,1,0,0,0,1,1,1,0,1,1,0,1,1
393,0,0,0,0,0,0,1,0,1,1,1,1,0,1,0,1,1,1,1,1,1,0,1,0,0,0,0,1,0,1,1,1,1,0,1,1,1,1,1,1,1,1,1
394,0,0,0,0,0,0,1,0,1,1,0,1,1,1,1,1,1,1,1,1,1,0,1,0,0,1,0,0,0,0,0,1,0,1,1,1,0,1,1,0,0,0,0
395,0,0,0,0,0,0,0,0,0,1,1,1,1,1,1,1,1,1,1,1,1,1,1,1,0,0,0,0,0,0,1,0,1,0,1,1,1,1,0,0,0,0,0
396,0,0,0,0,0,0,0,0,0,1,0,0,1,1,0,1,1,1,1,1,1,1,1,1,0,1,1,0,0,1,0,0,1,0,1,1,1,1,1,1,1,1,1
397,0,0,0,0,0,0,0,1,1,0,1,1,0,0,1,1,1,1,1,1,1,1,0,0,1,0,0,1,1,0,1,1,1,0,0,1,1,1,1,1,1,1,1
398,0,0,0,0,0,0,0,0,1,0,0,0,0,0,1,1,1,1,1,1,1,1,1,0,1,1,1,1,1,0,1,0,0,0,1,1,1,1,0,0,0,0,0
399,0,0,0,0,0,0,0,0,0,0,1,0,0,1,1,1,1,1,1,1,1,1,1,1,1,0,1,1,0,0,0,0,1,1,0,0,1,1,1,1,1,1,1
accuracy,0.46822,0.49498,0.5117,0.55183,0.53177,0.52173,0.52508,0.45484,0.49498,0.53177,0.52842,0.51505,0.51839,0.44816,0.46153,0.53178,0.50502,0.4883,0.44817,0.46823,0.47827,0.47492,0.54516,0.50502,0.46823,0.47158,0.48495,0.48161,0.55184,0.53847,0.52508,0.51839,0.46822,0.53511,0.49163,0.75585,0.76923,0.74916,0.78595,0.7826,0.76588,0.79933,0.03344
